,total population(1000),total labor force(1000),total fulltime employments(1000),total unemployed,total unemployment rate(%),total participation rate(%),total employment rate(%),covid cases,covid deaths
total population(1000),1.0,0.5519687590040135,0.7080077041556931,-0.6550254115566695,-0.6563385332975098,-0.11609990322695929,-0.6563385332975098,0.36881596029482167,0.6524218285896579
total labor force(1000),0.5519687590040135,1.0,0.7828141831094122,-0.582126915459427,-0.6825487143154533,0.7639682376075994,-0.6825487143154533,0.06822380650509206,0.35608951383162013
total fulltime employments(1000),0.7080077041556931,0.7828141831094122,1.0,-0.892980844337555,-0.9239877636237094,0.3876890973354278,-0.9239877636237094,0.36796681836699313,0.4531169972929093
total unemployed,-0.6550254115566695,-0.582126915459427,-0.892980844337555,1.0,0.9905979744694813,-0.19103098313459685,0.9905979744694813,-0.4657171323908305,-0.4256341686336605
total unemployment rate(%),-0.6563385332975098,-0.6825487143154533,-0.9239877636237094,0.9905979744694813,1.0,-0.3092266254945125,1.0,-0.42648390289492616,-0.4259473172509206
total participation rate(%),-0.11609990322695929,0.7639682376075994,0.3876890973354278,-0.19103098313459685,-0.3092266254945125,1.0,-0.3092266254945128,-0.20049512398100905,-0.07822653384976398
total employment rate(%),-0.6563385332975098,-0.6825487143154533,-0.9239877636237094,0.9905979744694813,1.0,-0.3092266254945128,1.0,-0.42648390289492616,-0.4259473172509206
covid cases,0.36881596029482167,0.06822380650509206,0.36796681836699313,-0.4657171323908305,-0.42648390289492616,-0.20049512398100905,-0.42648390289492616,1.0,0.6078336814800449
covid deaths,0.6524218285896579,0.35608951383162013,0.4531169972929093,-0.4256341686336605,-0.4259473172509206,-0.07822653384976398,-0.4259473172509206,0.6078336814800449,1.0
