,total population(1000),total labor force(1000),total fulltime employments(1000),total unemployed,total unemployment rate(%),total participation rate(%),total employment rate(%),covid cases,covid deaths
total population(1000),1.0,0.7045615232904767,0.7173113956958356,-0.6499437297454477,-0.7049988003727171,-0.04995171777155432,-0.7049988003727171,0.4834338162521455,0.7967497172420828
total labor force(1000),0.7045615232904767,1.0,0.8053905466465976,-0.41611148146514937,-0.5573808988336122,0.6733014492546264,-0.5573808988336122,0.5308735480402113,0.553646966010432
total fulltime employments(1000),0.7173113956958356,0.8053905466465976,1.0,-0.7419822695205043,-0.8190825911096297,0.3897742908507253,-0.8190825911096297,0.39786455756881567,0.6086832216867427
total unemployed,-0.6499437297454477,-0.41611148146514937,-0.7419822695205043,1.0,0.9853402080933554,0.0866074544052877,0.9853402080933554,-0.2825080707979888,-0.5492509497676796
total unemployment rate(%),-0.7049988003727171,-0.5573808988336122,-0.8190825911096297,0.9853402080933554,1.0,-0.05463730112610656,1.0,-0.3376914618934802,-0.5730155688110073
total participation rate(%),-0.04995171777155432,0.6733014492546264,0.3897742908507253,0.0866074544052877,-0.05463730112610656,1.0,-0.05463730112610657,0.23183130804829324,-0.05415948931428573
total employment rate(%),-0.7049988003727171,-0.5573808988336122,-0.8190825911096297,0.9853402080933554,1.0,-0.05463730112610657,1.0,-0.3376914618934802,-0.5730155688110073
covid cases,0.4834338162521455,0.5308735480402113,0.39786455756881567,-0.2825080707979888,-0.3376914618934802,0.23183130804829324,-0.3376914618934802,1.0,0.5184242790925258
covid deaths,0.7967497172420828,0.553646966010432,0.6086832216867427,-0.5492509497676796,-0.5730155688110073,-0.05415948931428573,-0.5730155688110073,0.5184242790925258,1.0
