,total population(1000),total labor force(1000),total fulltime employments(1000),total unemployed,total unemployment rate(%),total participation rate(%),total employment rate(%),covid cases,covid deaths
total population(1000),1.0,0.7449424407362768,0.7822378163531125,-0.7436425520879841,-0.7501853576528958,0.2163813167455329,-0.7501853576528958,0.012798364916272535,0.13954274193741184
total labor force(1000),0.7449424407362768,1.0,0.8604094061570988,-0.722371715164907,-0.7716121400702223,0.8123757954319416,-0.7716121400702223,0.10348798878701158,0.142816493157096
total fulltime employments(1000),0.7822378163531125,0.8604094061570988,1.0,-0.9262299411465277,-0.9438327266717229,0.5753754136049576,-0.9438327266717229,0.14697659842767805,0.17166623607881829
total unemployed,-0.7436425520879841,-0.722371715164907,-0.9262299411465277,1.0,0.9967995476136575,-0.4075015979886801,0.9967995476136575,-0.12131583932210388,-0.10428058206842555
total unemployment rate(%),-0.7501853576528958,-0.7716121400702223,-0.9438327266717229,0.9967995476136575,1.0,-0.47382663584172924,1.0,-0.12584259024209485,-0.10890786148395791
total participation rate(%),0.2163813167455329,0.8123757954319416,0.5753754136049576,-0.4075015979886801,-0.47382663584172924,1.0,-0.4738266358417301,0.13978070948783197,0.08795756118143448
total employment rate(%),-0.7501853576528958,-0.7716121400702223,-0.9438327266717229,0.9967995476136575,1.0,-0.4738266358417301,1.0,-0.12584259024209485,-0.10890786148395791
covid cases,0.012798364916272535,0.10348798878701158,0.14697659842767805,-0.12131583932210388,-0.12584259024209485,0.13978070948783197,-0.12584259024209485,1.0,0.4938071520779472
covid deaths,0.13954274193741184,0.142816493157096,0.17166623607881829,-0.10428058206842555,-0.10890786148395791,0.08795756118143448,-0.10890786148395791,0.4938071520779472,1.0
