,total population(1000),total labor force(1000),total fulltime employments(1000),total unemployed,total unemployment rate(%),total participation rate(%),total employment rate(%),covid cases,covid deaths
total population(1000),1.0,0.7405652915139915,0.7718821635404034,-0.6645237286041483,-0.6584991200832736,0.4197740516927205,-0.6584991200832736,0.19808669480179814,-0.16883408886009976
total labor force(1000),0.7405652915139915,1.0,0.8590439475697075,-0.9013070871305132,-0.9078543262788029,0.920552927140156,-0.9078543262788029,0.014437370065903316,-0.6387830554409392
total fulltime employments(1000),0.7718821635404034,0.8590439475697075,1.0,-0.924276985122631,-0.9202841946539561,0.7141417187848116,-0.9202841946539561,0.16906718014715783,-0.4497179524751031
total unemployed,-0.6645237286041483,-0.9013070871305132,-0.924276985122631,1.0,0.9994953970054433,-0.8331446241942398,0.9994953970054433,-0.17184028019814965,0.579418350137951
total unemployment rate(%),-0.6584991200832736,-0.9078543262788029,-0.9202841946539561,0.9994953970054433,1.0,-0.8455959639802357,1.0,-0.16227185790262724,0.590842088883001
total participation rate(%),0.4197740516927205,0.920552927140156,0.7141417187848116,-0.8331446241942398,-0.8455959639802357,1.0,-0.8455959639802357,-0.09763315059242787,-0.7677416366245189
total employment rate(%),-0.6584991200832736,-0.9078543262788029,-0.9202841946539561,0.9994953970054433,1.0,-0.8455959639802357,1.0,-0.16227185790262724,0.590842088883001
covid cases,0.19808669480179814,0.014437370065903316,0.16906718014715783,-0.17184028019814965,-0.16227185790262724,-0.09763315059242787,-0.16227185790262724,1.0,0.40272605775436676
covid deaths,-0.16883408886009976,-0.6387830554409392,-0.4497179524751031,0.579418350137951,0.590842088883001,-0.7677416366245189,0.590842088883001,0.40272605775436676,1.0
