,total population(1000),total labor force(1000),total fulltime employments(1000),total unemployed,total unemployment rate(%),total participation rate(%),total employment rate(%),covid cases,covid deaths
total population(1000),1.0,0.6916667186342423,0.7638799198361251,-0.6996470510873244,-0.7007674658867904,0.24889329221289855,-0.7007674658867904,0.40683786628185203,0.6729372024503312
total labor force(1000),0.6916667186342423,1.0,0.8652963538512389,-0.7304426109422828,-0.8004568184755596,0.8715641408377491,-0.8004568184755596,0.2940396702747409,0.28812228743220214
total fulltime employments(1000),0.7638799198361251,0.8652963538512389,1.0,-0.887595186750262,-0.9135017056157965,0.6438930842294979,-0.9135017056157965,0.40953004677001265,0.42059012097302
total unemployed,-0.6996470510873244,-0.7304426109422828,-0.887595186750262,1.0,0.9925977787898475,-0.5067351759747655,0.9925977787898475,-0.41777142384094124,-0.41710223521817086
total unemployment rate(%),-0.7007674658867904,-0.8004568184755596,-0.9135017056157965,0.9925977787898475,1.0,-0.5997417093685877,1.0,-0.40146177218654155,-0.38386932214377273
total participation rate(%),0.24889329221289855,0.8715641408377491,0.6438930842294979,-0.5067351759747655,-0.5997417093685877,1.0,-0.5997417093685878,0.11966053465009911,-0.0684965096368419
total employment rate(%),-0.7007674658867904,-0.8004568184755596,-0.9135017056157965,0.9925977787898475,1.0,-0.5997417093685878,1.0,-0.40146177218654155,-0.38386932214377273
covid cases,0.40683786628185203,0.2940396702747409,0.40953004677001265,-0.41777142384094124,-0.40146177218654155,0.11966053465009911,-0.40146177218654155,1.0,0.7195421561009249
covid deaths,0.6729372024503312,0.28812228743220214,0.42059012097302,-0.41710223521817086,-0.38386932214377273,-0.0684965096368419,-0.38386932214377273,0.7195421561009249,1.0
