,total population(1000),total labor force(1000),total fulltime employments(1000),total unemployed,total unemployment rate(%),total participation rate(%),total employment rate(%),covid cases,covid deaths
total population(1000),1.0,0.7619695892537008,0.8283234172305564,-0.71333302436901,-0.7220634417515235,0.5080204311504352,-0.7220634417515235,0.22129257358586565,-0.04730708028365299
total labor force(1000),0.7619695892537008,1.0,0.9526339299081416,-0.7667747032566644,-0.8203065459288724,0.944862713309338,-0.8203065459288724,0.23211510405960947,-0.31737288398256797
total fulltime employments(1000),0.8283234172305564,0.9526339299081416,1.0,-0.8910914836093257,-0.9220539766733736,0.8479003764796995,-0.9220539766733736,0.2107456591136005,-0.2585999567958404
total unemployed,-0.71333302436901,-0.7667747032566644,-0.8910914836093257,1.0,0.9954413215201905,-0.6584513450145589,0.9954413215201905,-0.0767644567884742,0.35780175237057865
total unemployment rate(%),-0.7220634417515235,-0.8203065459288724,-0.9220539766733736,0.9954413215201905,1.0,-0.7253392694483418,1.0,-0.09288874956905985,0.3770117015460455
total participation rate(%),0.5080204311504352,0.944862713309338,0.8479003764796995,-0.6584513450145589,-0.7253392694483418,1.0,-0.7253392694483413,0.19863652670904963,-0.39668187759926676
total employment rate(%),-0.7220634417515235,-0.8203065459288724,-0.9220539766733736,0.9954413215201905,1.0,-0.7253392694483413,1.0,-0.09288874956905985,0.3770117015460455
covid cases,0.22129257358586565,0.23211510405960947,0.2107456591136005,-0.0767644567884742,-0.09288874956905985,0.19863652670904963,-0.09288874956905985,1.0,0.5731177153756954
covid deaths,-0.04730708028365299,-0.31737288398256797,-0.2585999567958404,0.35780175237057865,0.3770117015460455,-0.39668187759926676,0.3770117015460455,0.5731177153756954,1.0
