,total population(1000),total labor force(1000),total fulltime employments(1000),total unemployed,total unemployment rate(%),total participation rate(%),total employment rate(%),covid cases,covid deaths
total population(1000),1.0,0.5848152082719088,0.844313840235886,-0.7010720090358524,-0.6882339465549276,0.22617667475956676,-0.6882339465549276,-0.02326349943016008,0.09462060481235282
total labor force(1000),0.5848152082719088,1.0,0.8485097327594763,-0.812463449220029,-0.8452095540428397,0.9222943465343602,-0.8452095540428397,0.13500599534889648,-0.016745394357273246
total fulltime employments(1000),0.844313840235886,0.8485097327594763,1.0,-0.8982562210492334,-0.9012294596692145,0.6150761024362164,-0.9012294596692145,0.14531599284164784,0.0648234316613349
total unemployed,-0.7010720090358524,-0.812463449220029,-0.8982562210492334,1.0,0.9978862561214242,-0.6404259710460821,0.9978862561214242,-0.1416243768805272,-0.0879926746820175
total unemployment rate(%),-0.6882339465549276,-0.8452095540428397,-0.9012294596692145,0.9978862561214242,1.0,-0.6859060458690713,1.0,-0.14100699028111133,-0.07564149860167367
total participation rate(%),0.22617667475956676,0.9222943465343602,0.6150761024362164,-0.6404259710460821,-0.6859060458690713,1.0,-0.6859060458690709,0.17339456565058106,-0.0646571024338498
total employment rate(%),-0.6882339465549276,-0.8452095540428397,-0.9012294596692145,0.9978862561214242,1.0,-0.6859060458690709,1.0,-0.14100699028111133,-0.07564149860167367
covid cases,-0.02326349943016008,0.13500599534889648,0.14531599284164784,-0.1416243768805272,-0.14100699028111133,0.17339456565058106,-0.14100699028111133,1.0,0.500142968908355
covid deaths,0.09462060481235282,-0.016745394357273246,0.0648234316613349,-0.0879926746820175,-0.07564149860167367,-0.0646571024338498,-0.07564149860167367,0.500142968908355,1.0
