,total population(1000),total labor force(1000),total fulltime employments(1000),total unemployed,total unemployment rate(%),total participation rate(%),total employment rate(%),covid cases,covid deaths
total population(1000),1.0,0.7353945289386975,0.7183781521281908,-0.3064643265262449,-0.32662461484594196,0.027198111305905107,-0.32662461484594196,0.20951139842628658,0.21506654715469978
total labor force(1000),0.7353945289386975,1.0,0.9435694315556734,-0.732746995897997,-0.7696380843622155,0.6972388073822515,-0.7696380843622155,0.14533143324039813,-0.20559088678517914
total fulltime employments(1000),0.7183781521281908,0.9435694315556734,1.0,-0.8599311622662978,-0.8766452323228086,0.6311872984754618,-0.8766452323228086,0.13595448704587182,-0.17791112549361418
total unemployed,-0.3064643265262449,-0.732746995897997,-0.8599311622662978,1.0,0.9975271297079048,-0.7553585363475928,0.9975271297079048,-0.004152460540835546,0.4084780291389949
total unemployment rate(%),-0.32662461484594196,-0.7696380843622155,-0.8766452323228086,0.9975271297079048,1.0,-0.7885101145284574,1.0,-0.014836017935153191,0.41658447669313625
total participation rate(%),0.027198111305905107,0.6972388073822515,0.6311872984754618,-0.7553585363475928,-0.7885101145284574,1.0,-0.7885101145284579,-0.011998536717756232,-0.532444463826629
total employment rate(%),-0.32662461484594196,-0.7696380843622155,-0.8766452323228086,0.9975271297079048,1.0,-0.7885101145284579,1.0,-0.014836017935153191,0.41658447669313625
covid cases,0.20951139842628658,0.14533143324039813,0.13595448704587182,-0.004152460540835546,-0.014836017935153191,-0.011998536717756232,-0.014836017935153191,1.0,0.5899891429576254
covid deaths,0.21506654715469978,-0.20559088678517914,-0.17791112549361418,0.4084780291389949,0.41658447669313625,-0.532444463826629,0.41658447669313625,0.5899891429576254,1.0
