,total population(1000),total labor force(1000),total fulltime employments(1000),total unemployed,total unemployment rate(%),total participation rate(%),total employment rate(%),covid cases,covid deaths
total population(1000),1.0,0.38932677252124953,0.6744064434225532,-0.4568318032336047,-0.4466420808220627,-0.3486350483449714,-0.4466420808220627,-0.041867902082032456,0.2221744721978522
total labor force(1000),0.38932677252124953,1.0,0.8250688769855985,-0.760068785390009,-0.7949489455613729,0.7274370170110366,-0.7949489455613729,-0.05103412725739104,-0.008304319165608854
total fulltime employments(1000),0.6744064434225532,0.8250688769855985,1.0,-0.8623063040562979,-0.8686530158410614,0.3371020101035962,-0.8686530158410614,-0.009444428601441318,0.16008115157729091
total unemployed,-0.4568318032336047,-0.760068785390009,-0.8623063040562979,1.0,0.9974809283440355,-0.43406010500164455,0.9974809283440355,-0.0438453747155263,-0.2200422562404455
total unemployment rate(%),-0.4466420808220627,-0.7949489455613729,-0.8686530158410614,0.9974809283440355,1.0,-0.47701587055943984,1.0,-0.04612391744076361,-0.21620728377580023
total participation rate(%),-0.3486350483449714,0.7274370170110366,0.3371020101035962,-0.43406010500164455,-0.47701587055943984,1.0,-0.4770158705594398,-0.025949502778993,-0.17605796111291994
total employment rate(%),-0.4466420808220627,-0.7949489455613729,-0.8686530158410614,0.9974809283440355,1.0,-0.4770158705594398,1.0,-0.04612391744076361,-0.21620728377580023
covid cases,-0.041867902082032456,-0.05103412725739104,-0.009444428601441318,-0.0438453747155263,-0.04612391744076361,-0.025949502778993,-0.04612391744076361,1.0,0.5156226256813778
covid deaths,0.2221744721978522,-0.008304319165608854,0.16008115157729091,-0.2200422562404455,-0.21620728377580023,-0.17605796111291994,-0.21620728377580023,0.5156226256813778,1.0
