,total population(1000),total labor force(1000),total fulltime employments(1000),total unemployed,total unemployment rate(%),total participation rate(%),total employment rate(%),covid cases,covid deaths
total population(1000),1.0,0.6588692923496521,0.6823626961631325,-0.23761137910072802,-0.2655925209645081,-0.20350462835293798,-0.2655925209645081,0.16949490483249896,0.6191991402802338
total labor force(1000),0.6588692923496521,1.0,0.8274777365480515,-0.6219449624546576,-0.6777369693995345,0.6022980623040248,-0.6777369693995345,0.14368947873537152,0.4127278893356035
total fulltime employments(1000),0.6823626961631325,0.8274777365480515,1.0,-0.8022825837600652,-0.81937123090503,0.3565249065716723,-0.81937123090503,-0.003211627987114402,0.38403703022208346
total unemployed,-0.23761137910072802,-0.6219449624546576,-0.8022825837600652,1.0,0.9965632785116755,-0.5613297075453653,0.9965632785116755,-0.0008291751420680905,-0.13574318817558859
total unemployment rate(%),-0.2655925209645081,-0.6777369693995345,-0.81937123090503,0.9965632785116755,1.0,-0.6038760066748904,1.0,-0.017284172820292872,-0.1506666957152559
total participation rate(%),-0.20350462835293798,0.6022980623040248,0.3565249065716723,-0.5613297075453653,-0.6038760066748904,1.0,-0.6038760066748902,0.005641339768293587,-0.11932070772936418
total employment rate(%),-0.2655925209645081,-0.6777369693995345,-0.81937123090503,0.9965632785116755,1.0,-0.6038760066748902,1.0,-0.017284172820292872,-0.1506666957152559
covid cases,0.16949490483249896,0.14368947873537152,-0.003211627987114402,-0.0008291751420680905,-0.017284172820292872,0.005641339768293587,-0.017284172820292872,1.0,0.3853805025338332
covid deaths,0.6191991402802338,0.4127278893356035,0.38403703022208346,-0.13574318817558859,-0.1506666957152559,-0.11932070772936418,-0.1506666957152559,0.3853805025338332,1.0
