,total population(1000),total labor force(1000),total fulltime employments(1000),total unemployed,total unemployment rate(%),total participation rate(%),total employment rate(%),covid cases,covid deaths
total population(1000),1.0,0.7270648304253278,0.7289389115660966,-0.4530382528002981,-0.4810932198252561,-0.0030515784576297844,-0.4810932198252561,0.30228090420006404,0.6165078339463874
total labor force(1000),0.7270648304253278,1.0,0.8876889548364879,-0.6428062873877575,-0.7205494233747795,0.6842048563793257,-0.7205494233747795,0.25692405068635615,0.35638404373387544
total fulltime employments(1000),0.7289389115660966,0.8876889548364879,1.0,-0.7964871290529476,-0.8371814776380466,0.5198813873598231,-0.8371814776380466,0.3345862317650735,0.44301139476342344
total unemployed,-0.4530382528002981,-0.6428062873877575,-0.7964871290529476,1.0,0.9924617911418552,-0.4584420064843445,0.9924617911418552,-0.2753146405850928,-0.31290652937593655
total unemployment rate(%),-0.4810932198252561,-0.7205494233747795,-0.8371814776380466,0.9924617911418552,1.0,-0.5417308958109579,1.0,-0.2748269194612882,-0.3015581572731126
total participation rate(%),-0.0030515784576297844,0.6842048563793257,0.5198813873598231,-0.4584420064843445,-0.5417308958109579,1.0,-0.5417308958109581,0.05295155310115107,-0.13801473264359546
total employment rate(%),-0.4810932198252561,-0.7205494233747795,-0.8371814776380466,0.9924617911418552,1.0,-0.5417308958109581,1.0,-0.2748269194612882,-0.3015581572731126
covid cases,0.30228090420006404,0.25692405068635615,0.3345862317650735,-0.2753146405850928,-0.2748269194612882,0.05295155310115107,-0.2748269194612882,1.0,0.6783598797467301
covid deaths,0.6165078339463874,0.35638404373387544,0.44301139476342344,-0.31290652937593655,-0.3015581572731126,-0.13801473264359546,-0.3015581572731126,0.6783598797467301,1.0
