,total population(1000),total labor force(1000),total fulltime employments(1000),total unemployed,total unemployment rate(%),total participation rate(%),total employment rate(%),covid cases,covid deaths
total population(1000),1.0,0.6534306265224492,0.6920575900237445,-0.33819760045043473,-0.33842436578744683,-0.012659092829941975,-0.33842436578744683,0.2193607961754906,0.05324980695424448
total labor force(1000),0.6534306265224492,1.0,0.8741408211776797,-0.8294655163294177,-0.836507199529233,0.7484599761839216,-0.836507199529233,-0.057182402594978456,-0.5606935445215953
total fulltime employments(1000),0.6920575900237445,0.8741408211776797,1.0,-0.8505779433041306,-0.8486874879889802,0.5508835211037572,-0.8486874879889802,0.1197711094802409,-0.3877138488515831
total unemployed,-0.33819760045043473,-0.8294655163294177,-0.8505779433041306,1.0,0.9995212241425795,-0.8021686672449302,0.9995212241425795,-0.06316862527134748,0.6131251867884513
total unemployment rate(%),-0.33842436578744683,-0.836507199529233,-0.8486874879889802,0.9995212241425795,1.0,-0.8113222543286057,1.0,-0.05470511300943103,0.6227737162227619
total participation rate(%),-0.012659092829941975,0.7484599761839216,0.5508835211037572,-0.8021686672449302,-0.8113222543286057,1.0,-0.8113222543286057,-0.26733879438123254,-0.7890659854075985
total employment rate(%),-0.33842436578744683,-0.836507199529233,-0.8486874879889802,0.9995212241425795,1.0,-0.8113222543286057,1.0,-0.05470511300943103,0.6227737162227619
covid cases,0.2193607961754906,-0.057182402594978456,0.1197711094802409,-0.06316862527134748,-0.05470511300943103,-0.26733879438123254,-0.05470511300943103,1.0,0.47709387424189686
covid deaths,0.05324980695424448,-0.5606935445215953,-0.3877138488515831,0.6131251867884513,0.6227737162227619,-0.7890659854075985,0.6227737162227619,0.47709387424189686,1.0
