,total population(1000),total labor force(1000),total fulltime employments(1000),total unemployed,total unemployment rate(%),total participation rate(%),total employment rate(%),covid cases,covid deaths
total population(1000),1.0,0.6481248966077549,0.7771517113843908,-0.567253206936764,-0.5802086012184806,-0.35699844859432106,-0.5802086012184806,0.2626697397053767,0.5183674179460382
total labor force(1000),0.6481248966077549,1.0,0.8169153725192039,-0.5882498536932709,-0.6751951379623552,0.4797432639607943,-0.6751951379623552,0.06458447032501342,0.36419967712128437
total fulltime employments(1000),0.7771517113843908,0.8169153725192039,1.0,-0.8345324357948447,-0.8656615878013613,0.11012163063363552,-0.8656615878013613,0.28197353612418563,0.4078932738260479
total unemployed,-0.567253206936764,-0.5882498536932709,-0.8345324357948447,1.0,0.9924078120205282,-0.07342705288986767,0.9924078120205282,-0.2900188328978248,-0.30258478494131663
total unemployment rate(%),-0.5802086012184806,-0.6751951379623552,-0.8656615878013613,0.9924078120205282,1.0,-0.16469040770683036,1.0,-0.26720181882555,-0.31298295051728436
total participation rate(%),-0.35699844859432106,0.4797432639607943,0.11012163063363552,-0.07342705288986767,-0.16469040770683036,1.0,-0.16469040770682977,-0.2228944806992074,-0.15210158817473715
total employment rate(%),-0.5802086012184806,-0.6751951379623552,-0.8656615878013613,0.9924078120205282,1.0,-0.16469040770682977,1.0,-0.26720181882555,-0.31298295051728436
covid cases,0.2626697397053767,0.06458447032501342,0.28197353612418563,-0.2900188328978248,-0.26720181882555,-0.2228944806992074,-0.26720181882555,1.0,0.6286288307152849
covid deaths,0.5183674179460382,0.36419967712128437,0.4078932738260479,-0.30258478494131663,-0.31298295051728436,-0.15210158817473715,-0.31298295051728436,0.6286288307152849,1.0
