,total population(1000),total labor force(1000),total fulltime employments(1000),total unemployed,total unemployment rate(%),total participation rate(%),total employment rate(%),covid cases,covid deaths
total population(1000),1.0,0.7991147589425273,0.585396308999653,-0.44439893128654545,-0.5268839576512633,-0.2204339478923573,-0.5268839576512633,0.3390381384403846,0.6429268671332177
total labor force(1000),0.7991147589425273,1.0,0.784379110379503,-0.41664123871125064,-0.5626287114948387,0.4098961140986634,-0.5626287114948387,0.37082146247355846,0.5096766112193044
total fulltime employments(1000),0.585396308999653,0.784379110379503,1.0,-0.6990808758176101,-0.7853113518797857,0.39255627363785317,-0.7853113518797857,0.1536543229002896,0.38689701552029937
total unemployed,-0.44439893128654545,-0.41664123871125064,-0.6990808758176101,1.0,0.983663826372223,-0.015052957595877546,0.983663826372223,-0.18857634825868783,-0.4588141375434081
total unemployment rate(%),-0.5268839576512633,-0.5626287114948387,-0.7853113518797857,0.983663826372223,1.0,-0.12597835072657879,1.0,-0.23066876210889467,-0.48332238678961703
total participation rate(%),-0.2204339478923573,0.4098961140986634,0.39255627363785317,-0.015052957595877546,-0.12597835072657879,1.0,-0.1259783507265783,0.08027477367144921,-0.14723617635004127
total employment rate(%),-0.5268839576512633,-0.5626287114948387,-0.7853113518797857,0.983663826372223,1.0,-0.1259783507265783,1.0,-0.23066876210889467,-0.48332238678961703
covid cases,0.3390381384403846,0.37082146247355846,0.1536543229002896,-0.18857634825868783,-0.23066876210889467,0.08027477367144921,-0.23066876210889467,1.0,0.5195728059010071
covid deaths,0.6429268671332177,0.5096766112193044,0.38689701552029937,-0.4588141375434081,-0.48332238678961703,-0.14723617635004127,-0.48332238678961703,0.5195728059010071,1.0
